INDICATOR,Units,Scale,2009,2010,2011,2012,2013,2014,2015,2016,2017,2017 Q1,2017 Q2,2017 Q3,2017 Q4,2018,2018 Q1,2018 Q2,2018 Q3,2018 Q4,2019,2019 Q1,2019 Q2,2019 Q3,2019 Q4,2020,2020 Q1,2020 Q2,2020 Q3,2020 Q4,2021,2021 Q1,2021 Q2,2021 Q3,2021 Q4,2022,2022 Q1,2022 Q2,2022 Q3,2022 Q4,2023,2023 Q1,2023 Q2,2023 Q3,2023 Q4,2024,2024 Q1,2024 Q2,2024 Q3,2024 Q4,2025,2025 Q1,2025 Q2,2025 Q3,2025 Q4
A. Current Account,US dollars,millions,-730.4519236,-1655.367038,-2749.498455,-2277.559109,-2648.739712,-2333.816056,-1596.647098,-697.4282338,-271.191369,-115.3049807,-321.6539748,-14.9956425,180.763229,-1379.638187,-480.4070494,-442.2106123,-295.9658976,-161.0546276,920.4598266,153.3567346,-82.56450854,249.065376,600.6022245,678.378293,138.9426063,95.82776091,315.0314773,128.5764486,348.2154361,-366.4441939,269.2772158,134.5017357,310.8806785,304.9657332,187.9728364,209.8945382,-81.42235962,-11.47928177,133.8774685,-78.73439809,51.18513774,86.97181704,74.45491179,501.2007675,152.2068037,-36.7173999,-84.5365289,470.2478926,1819.6,-19.66665603,270.6957193,791.2191942,821.1
Goods and Services,US dollars,millions,-1788.396752,-2906.786641,-4402.368225,-4081.526181,-4226.656114,-3872.565701,-3250.614139,-2129.622582,-1581.086032,-467.8052713,-644.519856,-352.82276,-115.9381448,-2464.047843,-774.1905083,-729.8117684,-552.5946026,-407.4509636,-131.4426344,-81.36956481,-352.3522746,10.57789912,291.7013059,-643.8878498,-228.7117971,-137.7779987,-17.90851428,-259.4895398,-1529.047177,-632.0348919,-289.3394711,-369.6215096,-238.0513042,-2115.076198,-250.6693331,-501.173589,-739.5640074,-623.6692687,-2690.324728,-716.4111045,-592.0412224,-671.4162881,-710.4561124,-2463.716122,-559.4912215,-738.8491811,-837.7078871,-327.6678322,-1018.6,-640.0635986,-318.288016,64.33780654,36.2
Exports,US dollars,millions,1849.567699,3533.487381,4870.133199,4304.627237,4164.18201,4045.360608,3964.160116,4059.676948,4640.216633,1013.917406,923.7407972,1221.838857,1480.719572,5178.154121,1166.118691,1178.84799,1363.373185,1469.814254,5266.92467,1141.302325,1104.881808,1331.613858,1689.126679,5263.282721,1270.302779,1014.734484,1360.433091,1617.812367,6574.804395,1128.417707,1623.827714,1788.567945,2033.991029,7453.497132,1911.030236,1831.846821,1742.255759,1968.364317,7602.717934,1505.478667,1960.581537,2027.17009,2109.48764,8251.712816,1843.856185,1710.640028,2083.301584,2613.915018,10763.4,1904.731681,2438.854093,3020.361811,3303.6
Imports,US dollars,millions,3637.964452,6440.274022,9272.501424,8386.153418,8390.838124,7917.926309,7214.774255,6189.29953,6221.302665,1481.722677,1568.260653,1574.661617,1596.657717,7642.201964,1940.3092,1908.659759,1915.967788,1877.265218,5398.367304,1222.67189,1457.234083,1321.035959,1397.425373,5907.17057,1499.014576,1152.512482,1378.341605,1877.301907,8103.851572,1760.452599,1913.167185,2158.189454,2272.042333,9568.57333,2161.699569,2333.02041,2481.819766,2592.033586,10293.04266,2221.889772,2552.622759,2698.586378,2819.943752,10715.42894,2403.347407,2449.489209,2921.009471,2941.582851,11782,2544.79528,2757.142109,2956.024004,3267.3
Balance on Goods,US dollars,millions,-1100.912762,-1835.746148,-2925.773804,-2646.649065,-2685.539345,-2282.608606,-2113.530893,-1262.568382,-927.0265737,-310.2251553,-465.0585698,-207.3856166,55.64276793,-1938.402458,-640.1906905,-590.1451061,-422.3977023,-285.6689592,174.4154405,8.640622948,-254.1469563,79.99138654,339.9303873,-139.0149867,-76.03012236,-16.38332789,98.95473424,-145.5562707,-779.3534245,-490.8083664,-108.607184,-107.1902115,-72.74766261,-1131.595186,-50.3568898,-320.0586675,-496.72883,-264.4507984,-1452.927728,-450.1476802,-284.4255706,-320.2526387,-398.1018384,-1261.97038,-258.7713111,-478.7696913,-505.5680103,-18.86136762,495.4,-314.4602663,11.44742709,467.4013383,485.7
Exports,US dollars,millions,2704.954926,5080.811857,7453.336794,6610.421644,6495.816199,5964.707117,5691.009109,4925.507345,5090.623889,1186.922144,1275.807907,1301.413348,1326.48049,6616.035197,1678.758058,1634.099712,1654.520646,1648.656782,4489.260958,1024.712769,1221.50331,1074.819937,1168.224942,5070.861325,1242.100344,959.4863217,1192.142279,1677.13238,7138.423161,1572.358734,1676.804398,1843.677379,2045.582651,8131.802617,1863.174113,1986.263535,2119.759407,2162.605562,8656.440887,1878.620511,2144.025541,2238.684168,2395.110666,9056.565525,2011.957968,2077.614423,2444.403684,2522.589451,10234.6,2105.379223,2305.434793,2398.302747,3169.2
Imports,US dollars,millions,1604.042164,3245.065709,4527.56299,3963.772579,3810.276854,3682.098511,3577.478216,3662.938962,4163.597315,876.6969886,810.7493374,1094.027731,1382.123258,4677.632739,1038.567368,1043.954606,1232.122943,1362.987823,4663.676399,1033.353392,967.3563538,1154.811324,1508.155329,4931.846338,1166.070221,943.1029939,1291.097014,1531.576109,6359.069737,1081.550367,1568.197214,1736.487167,1972.834989,7000.207432,1812.817223,1666.204868,1623.030577,1898.154764,7203.513159,1428.472831,1859.599971,1918.431529,1997.008828,7794.595145,1753.186657,1598.844732,1938.835674,2503.728083,9739.2,1790.918957,2316.88222,2865.704086,2683.5
Balance on Services,US dollars,millions,-687.4839906,-1071.040493,-1476.594421,-1434.877116,-1541.116769,-1589.957096,-1137.083246,-867.0542,-654.0594585,-157.580116,-179.4612862,-145.4371434,-171.5809128,-525.6453848,-133.9998177,-139.6666623,-130.1969003,-121.7820044,-305.8580749,-90.01018776,-98.20531833,-69.41348742,-48.22908142,-504.8728631,-152.6816747,-121.3946708,-116.8632485,-113.9332691,-749.6937523,-141.2265255,-180.7322871,-262.4312981,-165.3036416,-983.4810125,-200.3124433,-181.1149215,-242.8351774,-359.2184703,-1237.397,-266.2634243,-307.6156518,-351.1636495,-312.354274,-1201.745742,-300.7199104,-260.0794899,-332.1398768,-308.8064646,-1514,-325.6033324,-329.7354431,-403.0635318,-449.5
Exports,US dollars,millions,245.5255349,288.4216718,342.570209,340.8546583,353.9051561,363.2620971,386.6819008,396.7379857,476.619318,137.2204173,112.9914598,127.8111262,98.59631468,500.5213815,127.5513237,134.8933842,131.2502421,106.8264316,603.2482714,107.9489328,137.5254545,176.8025346,180.9713496,331.4363825,104.2325571,71.63148973,69.3360774,86.23625831,215.7346581,46.86733977,55.6305,52.08077772,61.15604061,453.2897003,98.21301242,165.6419529,119.2251819,70.20955308,399.2047751,77.00583633,100.9815658,108.7385607,112.4788123,457.1176711,90.66952837,111.7952966,144.4659107,110.1869355,528.8,113.8127249,121.9718726,154.6577248,134.4
Imports,US dollars,millions,933.0095255,1359.462165,1819.16463,1775.731775,1895.021925,1953.219193,1523.765146,1263.792186,1130.678776,294.8005333,292.4527461,273.2482697,270.1772275,1026.166766,261.5511414,274.5600465,261.4471424,228.608436,909.1063464,197.9591206,235.7307728,246.216022,229.200431,836.3092456,256.9142318,193.0261605,186.1993259,200.1695274,965.4284104,188.0938652,236.3627871,314.5120759,226.4596822,1436.770713,298.5254557,346.7568745,362.0603593,429.4280233,1636.601775,343.2692607,408.5972176,459.9022102,424.8330863,1658.863413,391.3894388,371.8747864,476.6057874,418.9934001,2042.8,439.4160573,451.7073156,557.7212566,583.8
Balance on Primary Income,US dollars,millions,-132.6807534,-150.1218876,-246.2941486,-290.1365809,-290.3187457,-340.7647299,-366.0944294,-395.2574788,-387.4572668,-95.44394984,-92.4674373,-95.48041698,-104.0654626,-311.173636,-94.27695771,-70.85301202,-64.84294217,-81.20072411,-338.8055225,-96.49485923,-68.13845451,-98.14209388,-76.03011492,-472.9222148,-102.8909105,-84.46377449,-120.1337164,-165.4338134,-655.7012135,-229.0244583,-97.88827807,-160.0570456,-168.7314316,-623.8880459,-233.5963934,-99.82849726,-118.368485,-172.0946703,-435.3011769,-94.92955336,-144.9004628,-85.23285089,-110.2383098,-478.1437326,-97.91417643,-97.33767031,-148.5947757,-134.2971102,-568.9,-129.6969828,-168.3444041,-144.2770257,-167.4
Credits,US dollars,millions,3.028307051,3.123340024,9.265244036,7.043856222,4.113836619,3.501363439,3.431053959,3.332719849,3.9302508,0.85605016,1.0325627,0.898470224,1.143167716,7.78252593,1.628605186,1.997131483,1.97104726,2.185742001,15.32892138,1.23974047,2.057045427,10.73824183,1.29389365,7.4740369,1.81086733,1.70353116,2.85382371,1.1058147,6.504794621,0.855409198,1.754637095,2.755759188,1.138989141,6.699938459,0.881071473,1.807276208,2.838431963,1.173158815,6.900936613,0.907503618,1.861494494,2.923584922,1.20835358,11.56572768,3.487020035,3.652940839,3.181162618,1.244604187,11.9,3.591630636,3.762529064,3.276597497,1.3
o/w Compensation of Employees,US dollars,millions,2.298303,2.657611362,7.606724495,5.003449053,2.695552104,2.956620419,2.956620419,2.956620419,3.4,0.75,0.9,0.75,1,3.502,0.7725,0.927,0.7725,1.03,3.60706,0.795675,0.95481,0.795675,1.0609,3.7152718,0.81954525,0.9834543,0.81954525,1.092727,3.826729954,0.844131608,1.012957929,0.844131608,1.12550881,3.941531853,0.869455556,1.043346667,0.869455556,1.159274074,4.059777808,0.895539222,1.074647067,0.895539222,1.194052297,4.181571142,0.922405399,1.106886479,0.922405399,1.229873865,4.3,0.950077561,1.140093073,0.950077561,1.3
Dividends,US dollars,millions,0.730004051,0.465728662,1.658519541,2.040407169,1.418284515,0.54474302,0.47443354,0.37609943,0.5302508,0.10605016,0.1325627,0.148470224,0.143167716,4.28052593,0.856105186,1.070131483,1.19854726,1.155742001,11.72186138,0.44406547,1.102235427,9.94256683,0.23299365,3.7587651,0.99132208,0.72007686,2.03427846,0.0130877,2.678064667,0.01127759,0.741679166,1.91162758,0.013480331,2.758406607,0.011615918,0.763929541,1.968976407,0.013884741,2.841158805,0.011964395,0.786847427,2.0280457,0.014301283,7.384156536,2.564614636,2.54605436,2.258757219,0.014730322,7.6,2.641553075,2.622435991,2.326519936,0
Balance on Secondary Income,US dollars,millions,1190.625582,1401.541491,1899.163919,2094.103653,1868.235148,1879.514375,2020.06147,1827.451827,1697.35193,447.9442405,415.3333185,433.3075345,400.7668364,1395.583292,388.0604166,358.4541682,321.4716471,327.5970601,1390.707984,331.2211586,337.9262206,336.6295708,384.9310335,1795.188358,470.5453138,318.0695341,453.073708,553.4998018,2532.963826,494.6151563,656.504965,664.180291,717.6634143,3043.929977,672.2385629,810.8966244,776.5101327,784.2846572,3259.503373,732.6062598,788.126823,843.6209561,895.1493341,3443.060622,809.6122016,799.4694515,901.7661339,932.212835,580.8,750.0939254,757.3281394,871.1584133,168.7
Debits,US dollars,millions,135.7090604,153.2452276,255.5593926,297.1804371,294.4325823,344.2660933,369.5254834,398.5901987,391.3875176,96.3,93.5,96.3788872,105.2086303,318.9561619,95.9055629,72.8501435,66.81398943,83.38646611,354.1344439,97.7345997,70.19549994,108.8803357,77.32400857,480.3962517,104.7017778,86.16730565,122.9875401,166.5396281,662.2060082,229.8798675,99.64291516,162.8128048,169.8704207,630.5879844,234.4774649,101.6357735,121.2069169,173.2678291,442.2021135,95.83705698,146.7619573,88.15643582,111.4466634,489.7094603,101.4011965,100.9906111,151.7759383,135.5417144,13.4,133.2886134,172.1069332,147.5536232,4.8
o/w Compensation of Employees,US dollars,millions,8.559307801,9.021510423,9.445521412,9.889460919,10.35426558,10.84091606,11.35043912,13.84487112,14.1,3.2,3.5,4,3.4,19.51415932,3.19323495,2.69179004,2.23595587,11.39317846,5.90751157,1.4067565,1.17294758,0.90690365,2.42090384,9.52089908,2.46782763,1.23356669,1.92709816,3.8924066,11.19843709,0.7808633,1.8832166,4.56410246,3.970254732,8.683242475,0.796480566,1.920880932,1.91622115,4.049659827,18.78796321,2.16802828,2.78391498,9.92149056,3.914529388,5.595250665,1.128788004,1.14429233,1.655963471,1.666206861,309.8,1.18993808,2.70591368,4.72580311,94.2
Dividends,US dollars,millions,10.981011,30.60288,128.059422,165.568027,142.424718,133.5582085,148.1205951,154.9908783,158.7155488,35.1,42,39.6788872,41.93666161,76.49859451,33.55232795,21.19835346,10.82403356,10.92387954,120.8246561,35.9846432,19.08335236,53.14435206,12.61230845,231.1553912,40.68388616,26.22611537,65.13478034,99.11060933,406.4932104,166.3179389,37.8779225,101.2045275,101.0928215,372.5000941,169.6442977,38.63548095,61.10563744,103.1146779,169.0214095,28.35160838,81.67704253,18.88618576,40.10657286,220.8177229,32.66887843,35.36478401,88.69400874,64.09005171,257.6,82.21144504,92.633108,89.69605819,69.8
Interest,US dollars,millions,116.1687416,113.6208372,118.0544492,121.7229492,141.6535987,199.8669687,210.0544492,229.7544492,218.5719687,58,48,52.7,59.87196874,222.9434081,59.16,48.96,53.754,61.06940811,227.4022763,60.3432,49.9392,54.82908,62.29079628,239.7199614,61.550064,58.70762359,55.9256616,63.5366122,244.5143606,62.78106528,59.88177606,57.04417483,64.80734445,249.4046478,64.03668659,61.07941158,58.18505833,66.10349133,254.3927408,65.31742032,62.30099981,59.3487595,67.42556116,263.2964867,67.60353003,64.48153481,61.42596608,69.7854558,3407.1,49.88723027,76.76791147,53.13176186,952.2
Credits,US dollars,millions,1203.358646,1410.591045,1911.869278,2108.576219,1887.575921,1901.014231,2043.623186,1853.07831,1726.483817,455.1839376,421.3433192,440.4945309,409.4620298,1424.201019,394.6309984,365.2374096,328.519125,335.8134865,1413.404893,336.8251452,343.2382943,342.2417888,391.0996646,1828.324109,476.4995755,324.71464,462.7219442,564.3879495,2569.800156,503.5968772,663.2748455,674.088294,728.8401391,3081.101889,681.5545475,817.8472937,785.9421928,795.7578552,3297.207986,741.7388501,797.4413313,856.3898281,901.6379763,3505.713502,824.3574043,814.6956944,917.692063,948.9683406,3479.4,766.0830486,774.3380455,889.6194179,970.7
Net incurrence of liabilities,US dollars,millions,105,122.5866667,344.3,349.85,373.05,472.8,399.2,343.0138134,307.1877388,49.25415914,92.61360312,70.69335074,94.62662579,413.8573794,78.82075802,103.0639108,137.3981301,94.57458049,249.6733698,68.54159135,57.31360312,54.2335074,69.58466794,150.4617681,42.04941412,33.04558503,36.29206884,39.07470008,237.4803678,48.08036776,54.5,64.4,70.5,336.761,59.8,135.1,67.451,74.41,604.196,137.7,150.296,152.9,163.3,465.433,54.3,162.962,93.371,154.8,-9.6,191.43,245.557,339.777,-77.3
Portfolio Investment,US dollars,millions,-67,-63.09,-10,-99.2,-114.2,-130.3,-122.8,80.06134326,100.8818193,14.38115381,14.47630118,24.76649347,47.25787084,101.2655975,26.65695795,16.23597232,44.40227036,13.97039686,53.91701869,134.0075621,37.38440596,-13.92058937,-103.55436,81.6465261,8.861094779,13.61506107,50.43223702,8.738133229,107.7067062,17.36324946,38.53755264,7.956704628,43.84919951,105.7,12.2,20.3,28.2,33,22.8,7.9,2.5,6.4,6,22.6,4.1,1.8,7.2,9.5,542.5,4.4,13.7,20.43303982,131.8
Personal Transfers,US dollars,millions,554.7586456,661.9910454,1029.569087,1164.003431,1104.328073,1166.014231,1253.223186,1102.77831,1013.367658,271.9935698,250.829851,261.2902969,229.2539398,897.9021043,236.3847045,231.41996,213.5089043,216.5885355,921.7265246,215.7022923,216.9902065,225.1676649,263.8663609,1209.718045,276.9642348,211.1223468,325.5342346,396.0972283,1643.146919,345.8395897,401.051122,428.4929003,467.763307,1970.632712,446.1808303,491.1430228,506.1351679,527.1736906,2162.409806,504.0113957,515.1706057,565.8898281,577.3379763,2575.296196,593.1587869,610.0657507,668.3982989,703.6733592,2936.9,614.7416635,645.9773058,758.6114794,838.9
Transfers to NPISHs,US dollars,millions,648.6,748.6,882.3001907,944.5727878,783.2478483,735,790.4,750.3,713.11616,183.1903679,170.5134682,179.2042339,180.20809,526.2989151,158.2462939,133.8174496,115.0102206,119.224951,491.6783682,121.1228529,126.2480878,117.074124,127.2333036,618.6060646,199.5353407,113.5922932,137.1877096,168.2907211,926.6532367,157.7572875,262.2237234,245.5953937,261.0768321,1110.469178,235.3737172,326.7042709,279.8070248,268.5841646,1134.79818,237.7274544,282.2707256,290.5,324.3,930.4173065,231.1986173,204.6299437,249.2937641,245.2949814,72.3,151.3413851,128.3607397,131.0079385,18.5
Net Lending(+)/Net Borrowing(-)(Balance from FA),US dollars,millions,-1296.142559,-587.3231737,-792.4511459,-1050.253293,-1575.346458,-1739.792814,-1281.901445,-910.7642778,-1145.89808,-35.39697446,-266.5696034,-38.57119658,-805.3603052,-906.1174403,-97.35397073,-345.2363497,-108.5191911,-355.0079287,194.2746911,355.5653203,238.3874477,39.8433649,-439.5214417,461.7348329,0.545380978,299.1621115,209.3936609,-47.36632041,-236.7210238,-17.1309034,305.3408936,-266.3763022,-258.5547118,-418.5899417,39.42555787,-542.4175256,-18.03094522,90.43297128,-1162.552266,-436.5780917,-231.5566875,-353.8107058,-140.606781,158.7255046,48.98698678,190.9744266,-5.762792627,-75.47311612,153.8,207.7500168,-75.38201527,-181.0961444,29.7
Direct Investment,US dollars,millions,-105,-122.5866667,-344.3,-349.85,-373.05,-472.8,-399.2,-343.0138134,-306.2530618,-48.66156164,-92.51303862,-70.55009324,-94.52836829,-423.1637324,-80.53841802,-105.2736038,-140.0651301,-97.28658049,-260.9797228,-70.75925135,-60.02329612,-57.4005074,-72.79666794,-153.9617681,-42.84941412,-33.74558503,-37.19206884,-40.17470008,-234.9803678,-47.08036776,-55.7,-60.9,-71.3,-336.761,-59.8,-135.1,-67.451,-74.41,-604.196,-137.7,-150.296,-152.9,-163.3,-465.433,-54.3,-162.962,-93.371,-154.8,153.8,-191.43,-245.557,-339.777,29.7
Credits,US dollars,millions,391,231,345.6,737.5,251,369.4,398.4,242.3,223.7254951,40.04163117,61.43469978,72.1539426,50.09522155,231.3916851,57.84792127,57.84792127,57.84792127,57.84792127,314.5305572,80.25739728,81.38605913,77.44355038,75.44355038,299.6842635,59.69077003,79.39077003,101.7158634,58.88686003,330.4601274,77.3550623,57.1973699,92.5011496,103.4065456,282.46,62.2,66.6,62.7,90.96,220.3,51.8,57.6,55.5,55.4,205.7737,36.1806,73.1931,55.7,40.7,0,33.13557856,29.09133126,61.8784209,0
Debits,US dollars,millions,12.73306364,9.049554355,12.70535864,14.47256516,19.34077335,21.49985646,23.56171601,25.62648295,29.13188756,7.239697124,6.010000712,7.186996352,8.695193368,28.61772744,6.570581831,6.783241398,7.047477838,8.216426368,22.69690936,5.60398657,5.31207364,5.612218082,6.16863107,33.13575146,5.954261634,6.64510593,9.64823622,10.88814768,36.83632924,8.981720907,6.76988049,9.908003014,11.17672483,37.17191186,9.315984592,6.950669278,9.432060036,11.47319795,37.70461303,9.132590327,9.314508365,12.76887207,6.488642267,62.65288016,14.74520265,15.22624286,15.92592913,16.75550553,0,15.98912323,17.00990611,18.46100459,0
B. Capital Account,US dollars,millions,391,231,345.6,737.5,251,369.4,398.4,242.3,223.7254951,40.04163117,61.43469978,72.1539426,50.09522155,231.3916851,57.84792127,57.84792127,57.84792127,57.84792127,314.5305572,80.25739728,81.38605913,77.44355038,75.44355038,299.6842635,59.69077003,79.39077003,101.7158634,58.88686003,330.4601274,77.3550623,57.1973699,92.5011496,103.4065456,282.46,62.2,66.6,62.7,90.96,220.3,51.8,57.6,55.5,55.4,205.7737,36.1806,73.1931,55.7,40.7,0,33.13557856,29.09133126,61.8784209,0
Debits,US dollars,millions,0,0,0,0,0,0,0,0,0,0,0,0,0,0,0,0,0,0,0,0,0,0,0,0,0,0,0,0,0,0,0,0,0,0,0,0,0,0,0,0,0,0,0,0,0,0,0,0,1973.4,0,0,0,850.7
Net acquisition of financial assets,US dollars,millions,0,0,0,0,0,0,0,0,0.934677,0.5925975,0.1005645,0.1432575,0.0982575,-9.306353,-1.71766,-2.209693,-2.667,-2.712,-11.306353,-2.21766,-2.709693,-3.167,-3.212,-3.5,-0.8,-0.7,-0.9,-1.1,2.5,1,-1.2,3.5,-0.8,0,0,0,0,0,0,0,0,0,0,0,0,0,0,0,-42.4,0,0,0,-3.9
Loans,US dollars,millions,-444.9,-398.53,-297.861,-452.774,-727.678,-1090.761881,-950.019824,-559.2607278,-685.4447849,-5.334203922,-151.6647898,-58.29904277,-470.1467484,-572.7293715,56.5401952,-134.8283938,-17.93718391,-476.5039889,-256.1641882,96.54307632,-65.85229213,89.53143087,-376.3864032,275.1545534,119.6741848,47.18468748,81.46512465,26.83055642,-465.1642074,-88.20711136,-100.2515139,-129.0045304,-147.7010517,636.686,246.4184,99.3502,63.0786,227.8388,-42.94096,-11.21992,-231.51,105.4312,94.35776,497.1321703,117.80778,133.3684698,155.356816,90.59910453,547.7,221.5532104,-12.13959,-101.1861094,229.3
Net Incurrence of Liabilities,US dollars,millions,444.9,503.4281309,336.7599483,628.6174314,1053.61747,983.2189905,718.9365895,573.4349936,873.1008333,-24.70036385,164.575867,-49.17342595,782.3987561,630.2615929,-62.95353134,228.0223214,23.28198529,441.9108175,-70.54417375,-311.1687052,44.90631828,-164.8950348,360.613248,-279.8890195,-118.5046871,-32.60239351,-94.15007147,-34.63186741,1495.847718,105.6558122,100.1292338,1100.949574,189.1130977,-595.0126865,-225.4125092,-114.0258916,-55.56371187,-200.0105738,83.66270817,27.99053412,275.4873675,-134.5205157,-85.29467776,-317.7660649,-121.4631303,-73.31141314,-162.3757481,39.38422666,323.4,-208.1061098,23.96019866,209.8452995,-20.7
Net Lending(+)/Net Borrowing(-)(Balance from CA & KA),US dollars,millions,-339.4519236,-1424.367038,-2403.898455,-1540.059109,-2397.739712,-1964.416056,-1198.247098,-455.1282338,-47.46587394,-75.26334949,-260.2192751,57.1583001,230.8584505,-1148.246502,-422.5591281,-384.362691,-238.1179763,-103.2067063,1234.990384,233.6141319,-1.178449402,326.5089264,676.0457749,978.0625565,198.6333763,175.2185309,416.7473407,187.4633086,678.6755635,-289.0891316,326.4745857,227.0028853,414.2872242,587.4257332,250.1728364,276.4945382,-18.72235962,79.48071823,354.1774685,-26.93439809,108.7851377,142.471817,129.8549118,706.9744675,188.3874037,36.4757001,-28.8365289,510.9478926,0,13.46892253,299.7870505,853.0976151,0
O/W Other equity,US dollars,millions,0,0,0,0,0,0,0,0,0,0,0,0,0,0,0,0,0,0,0,0,0,0,0,0,0,0,0,0,0,0,0,0,0,0,0,0,0,0,0,0,0,0,0,0,0,0,0,0,-224.2,0,0,0,-249.9
Net acquisition of financial assets,US dollars,millions,0,0,0,0,0,0,0,0,0,0,0,0,0,0,0,0,0,0,0,0,0,0,0,20,4,4.5,5.5,6,25,4,5.5,6.5,9,0,0,0,0,0,0,0,0,0,0,0,0,0,0,0,0,0,0,0,0
Central bank,US dollars,millions,0,0,0,0,0,0,0,0,0,0,0,0,0,0,0,0,0,0,0,0,0,0,0,20,4,4.5,5.5,6,25,4,5.5,6.5,9,0,0,0,0,0,0,0,0,0,0,0,0,0,0,0,0,0,0,0,0
Net acquisition of financial assets,US dollars,millions,0,0,0,0,0,0,0,0,0,0,0,0,0,0,0,0,0,0,0,0,0,0,0,0,0,0,0,0,0,0,0,0,0,12,0,0,0,0,0,0,0,0,0,0,0,0,0,0,0,0,0,0,0
Net incurrence of liabilities,US dollars,millions,444.9,398.53,297.861,452.774,727.678,1090.761881,950.019824,559.2607278,685.4447849,5.334203922,151.6647898,58.29904277,470.1467484,572.7293715,-56.5401952,134.8283938,17.93718391,476.5039889,256.1641882,-96.54307632,65.85229213,-89.53143087,376.3864032,-255.1545534,-115.6741848,-42.68468748,-75.96512465,-20.83055642,490.1642074,92.20711136,105.7515139,135.5045304,156.7010517,-636.686,-246.4184,-99.3502,-63.0786,-227.8388,42.94096,11.21992,231.51,-105.4312,-94.35776,-497.1321703,-117.80778,-133.3684698,-155.356816,-90.59910453,192.5,-221.5532104,12.13959,101.1861094,-17.7
Central bank,US dollars,millions,148.4,21.53,-12.42,43.38,1.81,167.2558814,-71.34608135,534.4641556,499.0905953,-6.5,-3.5,24.5,484.5905953,278.606586,-62.8483535,-59.8483535,-31.8483535,433.1516465,-357.9623435,-221.9905859,-218.9905859,-190.9905859,274.0094141,-245.5273633,-61.38184084,-61.38184084,-61.38184084,-61.38184084,78.39700852,19.59925213,19.59925213,19.59925213,19.59925213,-290.008,-62.894,-114.653,-41.779,-70.682,-193.09,-54.7,-83.3,-37.8,-17.29,-295.399848,-61.19518134,-74.95233333,-86.3,-72.95233333,-58.8,-74.05321044,-43.11041,-38.13889064,-208.3
Short-term,US dollars,millions,148.4,21.53,-12.42,43.38,1.81,167.2558814,-71.34608135,534.4641556,499.0905953,-6.5,-3.5,24.5,484.5905953,278.606586,-62.8483535,-59.8483535,-31.8483535,433.1516465,-357.9623435,-221.9905859,-218.9905859,-190.9905859,274.0094141,-245.5273633,-61.38184084,-61.38184084,-61.38184084,-61.38184084,78.39700852,19.59925213,19.59925213,19.59925213,19.59925213,-290.008,-62.894,-114.653,-41.779,-70.682,-193.09,-54.7,-83.3,-37.8,-17.29,-295.399848,-61.19518134,-74.95233333,-86.3,-72.95233333,-49.2,-74.05321044,-43.11041,-38.13889064,-130.9
General Government,US dollars,millions,1.8,0,106.031,85.956,112.18,-55.04,199.891,17.567,82.75359067,8.688207922,23.49682782,4.540650771,46.02790416,72.47742045,7.8296743,28.0237913,-1.18221859,37.80617344,148.6409646,31.85777155,44.460974,15.491399,56.8308201,180.6650518,8.98401901,11.58401901,19.82254901,140.2744648,-24.00944014,-10.29214077,-9.34773819,-0.77157456,-3.59798662,-104.23,-80.59,12.27,-2.01,-33.9,109.11,-59.29,347.3,-83.7,-95.2,-232.7381365,-81.8,-40.83813645,-68.3,-41.8,0,-39.3,-36.7,-26.4,0
Net incurrence of liabilities,US dollars,millions,67,63.09,10,99.2,114.2,130.3,122.8,-80.06134326,-100.8818193,-14.38115381,-14.47630118,-24.76649347,-47.25787084,-101.2655975,-26.65695795,-16.23597232,-44.40227036,-13.97039686,-53.91701869,-134.0075621,-37.38440596,13.92058937,103.55436,-81.6465261,-8.861094779,-13.61506107,-50.43223702,-8.738133229,-107.7067062,-17.36324946,-38.53755264,-7.956704628,-43.84919951,-93.7,-12.2,-20.3,-28.2,-33,-22.8,-7.9,-2.5,-6.4,-6,-22.6,-4.1,-1.8,-7.2,-9.5,0,-4.4,-13.7,-20.43303982,0
Other Investment,US dollars,millions,-434.0925595,-418.8438052,-368.1958496,-625.9774314,-987.3890373,-1154.666873,-844.4253768,-635.2548824,-904.5362255,2.231014188,-179.590063,38.4455093,-765.622686,-490.5518384,94.24911635,-262.0507794,12.82113783,-335.5713132,436.6570996,257.7115403,178.7553373,206.223891,-206.033669,621.6781536,103.6572033,210.2768643,204.5866498,103.1574362,-950.2825949,-83.05705877,207.72087,-997.81196,-77.13444607,-59.40197879,72.95718048,-481.4905219,363.8927179,-14.76135531,-105.0962659,89.71190833,-361.1906875,99.01929423,67.363219,130.0022075,6.157725637,116.4547259,122.317653,-114.927897,323.4,291.2540168,47.34728184,-20.20098402,-20.7
Other sectors,US dollars,millions,294.7,377,204.25,323.438,613.688,978.546,821.4749053,7.22957214,103.600599,3.145996,131.667962,29.258392,-60.471751,221.645365,-1.521516,166.652956,50.967756,5.546169,465.485567,93.589738,240.381904,85.967756,45.546169,-190.2922419,-63.27636298,7.113134343,-34.40583282,-99.7231804,435.776639,82.9,95.5,116.6768529,140.6997861,-242.448,-102.9344,3.0328,-19.2896,-123.2568,126.92096,125.20992,-32.49,16.0688,18.13224,31.00581417,25.18740137,-17.578,-0.756816,24.1532288,0,-108.2,91.95,165.725,0
O/w General Government,US dollars,millions,0,0,0,0,0,0,0,0,0,0,0,0,0,0,0,0,0,0,0,0,0,0,0,0,0,0,0,0,0,0,0,0,0,0,0,0,0,0,0,0,0,0,0,0,0,0,0,0,181.8,0,0,0,232.8
Net Acquisition of Financial Assets,US dollars,millions,10.80744052,84.58432577,-31.43590125,2.64,66.22843246,-171.4478823,-125.4887872,-61.81988884,-31.43539218,-22.46934966,-15.01419597,-10.72791664,16.7760701,139.7097545,31.29558501,-34.02845799,36.10312312,106.3395044,366.1129259,-53.4571649,223.6616555,41.32885618,154.5795791,321.7891341,-18.84748384,173.1744708,104.9365783,62.52556879,520.5651226,18.59875347,302.3501038,96.63761375,102.9786516,-654.4146653,-152.4553287,-595.5164135,308.3290061,-214.7719291,-21.43355774,117.7024425,-85.70331993,-35.5012215,-17.93145877,-187.7638575,-115.3054047,43.14331275,-40.05809517,-75.54367033,131,83.14790704,71.30748051,189.6443155,-3
Other Sectors (Private sector),US dollars,millions,0,0,0,0,0,0,0,0,0,0,0,0,0,0,0,0,0,0,0,0,0,0,0,0,0,0,0,0,0,0,0,0,0,0,0,0,0,0,0,0,0,0,0,0,0,0,0,0,-972.2,0,0,0,-195.4
Net acquisition of financial assets,US dollars,millions,10.80744052,84.58432577,-31.43590125,2.64,66.22843246,-171.4478823,-125.4887872,-61.81988884,-31.43539218,-22.46934966,-15.01419597,-10.72791664,16.7760701,139.7097545,31.29558501,-34.02845799,36.10312312,106.3395044,366.1129259,-53.4571649,223.6616555,41.32885618,154.5795791,341.7891341,-14.84748384,177.6744708,110.4365783,68.52556879,545.5651226,22.59875347,307.8501038,103.1376138,111.9786516,-654.4146653,-152.4553287,-595.5164135,308.3290061,-214.7719291,-21.43355774,117.7024425,-85.70331993,-35.5012215,-17.93145877,-187.7638575,-115.3054047,43.14331275,-40.05809517,-75.54367033,972.2,83.14790704,71.30748051,189.6443155,195.4
Net incurrence of liabilities,US dollars,millions,0,104.8981309,38.89894834,175.8434314,325.9394698,-107.5428909,-231.0832344,-83.82573417,187.6560484,-30.03456777,12.91107722,-107.4724687,312.2520077,57.53222145,-6.41333614,93.19392762,5.34480138,-34.59317141,-326.7083619,-214.6256289,-20.94597385,-75.36360397,-15.77315522,-24.73446614,-2.8305023,10.08229398,-18.18494682,-13.80131099,44.68351013,13.44870088,-5.622280151,4.445043342,32.41204606,41.6733135,21.0058908,-14.67569164,7.514888134,27.82822621,40.72174817,16.77061412,43.97736753,-29.08931572,9.063082238,179.3661053,-3.655350373,60.05705665,-7.018932131,129.9833312,42.4,13.44710068,11.82060866,108.6591901,3.9
Net acquisition of financial assets,US dollars,millions,0,0,0,0,0,0,0,0,0,0,0,0,0,0,0,0,0,0,0,0,0,0,0,0,0,0,0,0,0,0,0,0,0,0,0,0,0,0,0,0,0,0,0,0,0,0,0,0,355.2,0,0,0,247
O/W Currency and deposits,US dollars,millions,10.80744052,-20.31380516,-70.33484959,-173.2034314,-259.7110373,-63.90499148,105.5944472,22.00584533,-219.0914406,7.56521811,-27.92527319,96.74455208,-295.4759376,82.17753304,37.70892115,-127.2223856,30.75832174,140.9326758,692.8212878,161.168464,244.6076294,116.6924601,170.3527343,346.5236002,-16.01698154,163.0921768,123.1215252,76.32687978,475.8816125,5.150052591,307.9723839,92.19257041,70.56660558,-696.0879788,-173.4612195,-580.8407219,300.8141179,-242.6001553,-62.15530591,100.9318283,-129.6806875,-6.411905774,-26.994541,-367.1299628,-111.6500543,-16.9137439,-33.03916304,-205.5270015,0,69.70080636,59.48687184,80.98512534,0
Reserve assets,US dollars,millions,-270.05,17.19729814,-69.95529635,24.77413881,-100.7074209,17.97405926,84.52393224,-12.55692529,-35.99061166,-3.347580828,-8.942802963,-31.23310612,7.532878243,-93.66746692,-137.721627,5.852061164,-25.67746921,63.87956813,-35.31970442,34.60546923,82.27100055,-95.05942934,-57.13674486,-87.62807867,-69.12350294,109.0157712,-8.433157116,-119.0871898,840.8352326,95.64327367,114.782471,784.3789532,-153.9694653,-128.1269629,14.0683774,53.87299627,-342.6726632,146.6043266,-476.06,-396.49,277.43,-306.33,-50.67,471.5562971,93.02926114,235.6817007,-41.90944558,184.7547809,0,103.526,109.1277029,158.4487998,0
Short-term,US dollars,millions,257,196.9,9.25,146.585,-30.68505,857,198.0391359,60.36003393,74.6354346,1.870772693,102.1586128,18.5628131,-47.95676397,212.3460777,-10.48114512,149.9598287,51.74727464,21.12011956,341.6808736,56.35705662,192.4564228,56.74727464,36.12011956,400.4668238,89.10690594,138.7797276,110.9292971,61.65089321,388.9,87,89.7,102.6768529,109.5231471,-372.8688,-120.36064,-52.68032,-68.57376,-131.25408,118.16144,61.26192,-20.414,5.84128,71.47224,-14.17078823,4.401401368,-3.3031,-10.6200896,-4.649,0,-72.18,35.92738247,117.9487217,0
Long-term,US dollars,millions,37.7,180.1,195,176.853,644.37305,121.546,623.4357694,-53.13046179,28.9651644,1.275223307,29.50934923,10.6955789,-12.51498703,9.299287264,8.959629119,16.69312735,-0.77951864,-15.57395056,123.8046934,37.23268138,47.92548122,29.22048136,9.426049437,-590.7590656,-152.3832689,-131.6665932,-145.3351299,-161.3740736,46.876639,-4.1,5.8,14,31.176639,130.4208,17.42624,55.71312,49.28416,7.99728,8.75952,63.948,-12.076,10.22752,-53.34,45.1766024,20.786,-14.2749,9.8632736,28.8022288,0,-36.02,56.02261753,47.77627827,0
"Insurance, pension, and standardized guarantee schemes",US dollars,millions,0,0,0,0,0,0,0,0,0,0,0,0,0,0,0,0,0,0,0,0,0,0,0,0,0,0,0,0,0,0,0,0,0,0,0,0,0,0,0,0,0,0,0,0,0,0,0,0,-355.2,0,0,0,-247
Trade credit and advances,US dollars,millions,0,0,0,0,0,0,0,0,499.1,0,0,0,0,278.6,-14.5,-16,-17.5,-19,-358,-10,-15,-18,-20,-245.5,-10,-12,-15,-20,78.4,-28,-29,-30,-31,-290,0,0,0,0,-193.1,0,0,0,0,-295.4,0,0,0,0,-174.4,0,0,0,-19.1
Other accounts receivable/payable,US dollars,millions,0,0,0,0,0,0,0,0,499.1,0,0,0,0,278.6,-3.9,-5,-6.2,-6.5,-358,-5,-5,-5,-5,-245.5,-5,-6,-7,-9,78.4,-13,-14,-15,-16,-290,0,0,0,0,-193.1,0,0,0,0,-295.4,0,0,0,0,-174.4,0,0,0,-19.1
Special drawing rights (Net incurrence of liabilities),US dollars,millions,420,0,0,0,0,0,0,98,82.8,0,0,0,0,72.5,0,0,0,0,148.6,0,0,0,0,180.7,0,0,0,0,-24,0,0,961,0,-104.2,0,0,0,0,109.1,0,0,0,0,-232.7,0,0,0,0,-122,0,0,0,-19.6
D. Net Errors and Omissions,US dollars,millions,-956.6906358,837.0438642,1611.447309,489.8058165,822.3932535,224.6232428,-83.65434632,-455.636044,-1098.432206,39.86637503,-6.350328343,-95.72949668,-1036.218756,242.1290616,325.2051574,39.12634129,129.5987852,-251.8012223,-1040.715693,121.9511884,239.5658971,-286.6655615,-1115.567217,-516.3277236,-198.0879953,123.9435805,-207.3536798,-234.829629,-915.3965873,271.9582282,-21.13369207,-493.3791875,-672.841936,-1006.015675,-210.7472785,-818.9120638,0.691414404,10.95225305,-1516.729734,-409.6436936,-340.3418252,-496.2825228,-270.4616928,-548.2489629,-139.4004169,154.4987265,23.07373628,-586.4210087,0,194.2810943,-375.1690658,-1034.193759,0